{"initial_reset_timestamp": 1611564613.240435, "timestamps": [1611564616.074214, 1611564616.509585, 1611564616.898531, 1611564617.348781, 1611564617.640646, 1611564617.991244, 1611564618.3550951, 1611564618.7543879, 1611564620.038379, 1611564620.392312, 1611564620.681407, 1611564620.968671, 1611564621.967368, 1611564623.0704849, 1611564623.402015, 1611564624.571554, 1611564625.6537018, 1611564626.669047, 1611564627.520961, 1611564628.530441, 1611564629.458484, 1611564630.289391, 1611564630.725821, 1611564631.635424, 1611564633.3062751, 1611564633.7892349, 1611564635.000536, 1611564636.534949, 1611564637.677631, 1611564639.562231, 1611564640.3349178, 1611564642.304128, 1611564642.7028658, 1611564644.405557, 1611564646.347556, 1611564647.002846, 1611564647.913249, 1611564648.8659031, 1611564651.191298, 1611564651.590082, 1611564652.975484, 1611564653.730617], "episode_lengths": [18, 12, 17, 19, 13, 16, 16, 18, 41, 15, 13, 13, 45, 50, 15, 53, 28, 46, 38, 46, 42, 38, 20, 41, 76, 22, 55, 49, 50, 79, 35, 87, 11, 76, 88, 30, 41, 43, 99, 18, 62, 32], "episode_rewards": [18.0, 12.0, 17.0, 19.0, 13.0, 16.0, 16.0, 18.0, 41.0, 15.0, 13.0, 13.0, 45.0, 50.0, 15.0, 53.0, 28.0, 46.0, 38.0, 46.0, 42.0, 38.0, 20.0, 41.0, 76.0, 22.0, 55.0, 49.0, 50.0, 79.0, 35.0, 87.0, 11.0, 76.0, 88.0, 30.0, 41.0, 43.0, 99.0, 18.0, 62.0, 32.0], "episode_types": ["t", "t", "t", "t", "t", "t", "t", "t", "t", "t", "t", "t", "t", "t", "t", "t", "t", "t", "t", "t", "t", "t", "t", "t", "t", "t", "t", "t", "t", "t", "t", "t", "t", "t", "t", "t", "t", "t", "t", "t", "t", "t", "t"]}