{"initial_reset_timestamp": 1610863332.1881301, "timestamps": [1610863335.210888], "episode_lengths": [23], "episode_rewards": [23.0], "episode_types": ["t"]}