{"initial_reset_timestamp": 1610835335.2037745, "timestamps": [1610835336.047808], "episode_lengths": [13], "episode_rewards": [13.0], "episode_types": ["t"]}