{"initial_reset_timestamp": 1610836092.067435, "timestamps": [1610836096.7900057], "episode_lengths": [10], "episode_rewards": [10.0], "episode_types": ["t"]}