{"initial_reset_timestamp": 1610858345.4029493, "timestamps": [1610858347.1614962], "episode_lengths": [65], "episode_rewards": [65.0], "episode_types": ["t"]}