{"initial_reset_timestamp": 1611807978.250278, "timestamps": [1611808011.795924], "episode_lengths": [762], "episode_rewards": [-21.0], "episode_types": ["t"]}