{"initial_reset_timestamp": 1612258588.869592, "timestamps": [1612258663.261826], "episode_lengths": [1761], "episode_rewards": [21.0], "episode_types": ["t"]}