{"initial_reset_timestamp": 1611898771.715911, "timestamps": [1611898858.9803517], "episode_lengths": [1761], "episode_rewards": [21.0], "episode_types": ["t"]}