{"initial_reset_timestamp": 1610934659.9050822, "timestamps": [1610934662.4826398, 1610934663.0663722, 1610934663.1017642, 1610934663.106057, 1610934663.11078, 1610934663.116555, 1610934663.121969, 1610934663.124268, 1610934663.566182, 1610934663.597474, 1610934663.601147, 1610934663.608503, 1610934663.61518, 1610934663.618769, 1610934663.626243, 1610934663.6315231, 1610934663.6404018, 1610934663.6426702, 1610934663.645306, 1610934663.650187, 1610934663.6571689, 1610934663.6596549, 1610934663.6619, 1610934663.6663659, 1610934663.6687832, 1610934663.672881, 1610934663.6766698, 1610934664.1327941, 1610934664.170895, 1610934664.176662, 1610934664.180725, 1610934664.187527, 1610934664.19713, 1610934664.203903, 1610934664.205993, 1610934664.211068, 1610934664.218082, 1610934664.2322009, 1610934664.236588, 1610934664.24035, 1610934664.245986, 1610934664.2502131, 1610934664.252754, 1610934664.2590542, 1610934664.2710779, 1610934664.273602, 1610934664.2764952, 1610934664.2829251, 1610934664.2907038, 1610934664.2941408, 1610934664.300086, 1610934664.3027682, 1610934664.307465, 1610934664.313086, 1610934664.3200178, 1610934664.3228319, 1610934664.329344, 1610934664.3406641, 1610934664.347529, 1610934664.355495, 1610934664.359784, 1610934664.364961, 1610934664.373357, 1610934664.37577, 1610934664.782898, 1610934664.832414, 1610934664.8507159, 1610934664.859265, 1610934664.8699572, 1610934664.8724911, 1610934664.876466, 1610934664.881995, 1610934664.885304, 1610934664.8904588, 1610934664.896777, 1610934664.907064, 1610934664.9119291, 1610934664.922094, 1610934664.925411, 1610934664.928726, 1610934664.9367151, 1610934664.942594, 1610934664.9515631, 1610934664.961159, 1610934664.965856, 1610934664.9727201, 1610934664.974953, 1610934664.978606, 1610934664.982451, 1610934664.98953, 1610934664.9956028, 1610934665.002076, 1610934665.011298, 1610934665.015948, 1610934665.020214, 1610934665.0238469, 1610934665.028459, 1610934665.0341089, 1610934665.039168, 1610934665.048125, 1610934665.065192, 1610934665.0686872, 1610934665.075567, 1610934665.078706, 1610934665.0902731, 1610934665.097145, 1610934665.103987, 1610934665.108913, 1610934665.111904, 1610934665.12016, 1610934665.124683, 1610934665.13116, 1610934665.143141, 1610934665.1541371, 1610934665.159862, 1610934665.1701791, 1610934665.179083, 1610934665.186076, 1610934665.193107, 1610934665.196867, 1610934665.2065191, 1610934665.212136, 1610934665.2256799, 1610934665.2353852, 1610934665.240905, 1610934665.832746, 1610934665.8663712, 1610934665.8804228, 1610934665.889803, 1610934665.9027112, 1610934665.915463, 1610934665.927993, 1610934665.940477, 1610934665.94619, 1610934665.956696, 1610934665.964103, 1610934665.9721448, 1610934665.9816902, 1610934665.986633, 1610934666.000452, 1610934666.0137768, 1610934666.018615, 1610934666.0293891, 1610934666.035087, 1610934666.044192, 1610934666.0508878, 1610934666.05965, 1610934666.071851, 1610934666.076756, 1610934666.082199, 1610934666.091752, 1610934666.104225, 1610934666.112593, 1610934666.1175108, 1610934666.123216, 1610934666.126706, 1610934666.1339068, 1610934666.139353, 1610934666.145771, 1610934666.151642, 1610934666.163615, 1610934666.174697, 1610934666.178279, 1610934666.1937642, 1610934666.204333, 1610934666.2114859, 1610934666.226627, 1610934666.238084, 1610934666.250602, 1610934666.271232, 1610934666.278199, 1610934666.2984982, 1610934666.3049128, 1610934666.3120482, 1610934666.324111, 1610934666.3289301, 1610934666.342626, 1610934666.351692, 1610934666.361311, 1610934666.3743958, 1610934666.389428, 1610934666.3950899, 1610934666.3981628, 1610934666.410592, 1610934666.4194062, 1610934666.426673, 1610934666.433048, 1610934666.4393432, 1610934666.453522, 1610934666.467942, 1610934666.478109, 1610934666.4900649, 1610934666.5025432, 1610934666.5113049, 1610934666.5140579, 1610934666.5209658, 1610934666.534404, 1610934666.5433002, 1610934666.556546, 1610934666.568972, 1610934666.578175, 1610934666.59378, 1610934666.60692, 1610934666.6152399, 1610934666.621331, 1610934666.626653, 1610934666.6475918, 1610934666.66686, 1610934666.683847, 1610934666.691471, 1610934666.705879, 1610934666.723006, 1610934666.7380428, 1610934666.7564201, 1610934666.7632089, 1610934666.779808, 1610934667.365968, 1610934667.406145, 1610934667.416641, 1610934667.426153, 1610934667.4388359, 1610934667.443149, 1610934667.446917, 1610934667.4590971, 1610934667.469701, 1610934667.485993, 1610934667.4954948, 1610934667.502265, 1610934667.51158, 1610934667.518751, 1610934667.528209, 1610934667.538038, 1610934667.556677, 1610934667.564407, 1610934667.583186, 1610934667.600275, 1610934667.607847, 1610934667.616723, 1610934667.62539, 1610934667.631857, 1610934667.646564, 1610934667.667223, 1610934667.6972091, 1610934667.70274, 1610934667.705293, 1610934667.732374, 1610934667.747911, 1610934667.7565958, 1610934667.766332, 1610934667.780904, 1610934667.789842, 1610934667.805563, 1610934667.825033, 1610934667.8389492, 1610934667.843324, 1610934667.854929, 1610934667.867154, 1610934667.8900821, 1610934667.904989, 1610934667.919015, 1610934667.930805, 1610934667.945281, 1610934667.965991, 1610934667.989682, 1610934668.005344, 1610934668.013862, 1610934668.027734, 1610934668.038152, 1610934668.050231, 1610934668.058065, 1610934668.063379, 1610934668.0725188, 1610934668.095579, 1610934668.1089642, 1610934668.1192582, 1610934668.136769, 1610934668.164866, 1610934668.168618, 1610934668.18047, 1610934668.191777, 1610934668.2075899, 1610934668.232213, 1610934668.2402182, 1610934668.2580962, 1610934668.2815318, 1610934668.303652, 1610934668.32233, 1610934668.348292, 1610934668.373976, 1610934668.3992052, 1610934668.4225512, 1610934668.4386592, 1610934668.4512541, 1610934668.4683788, 1610934668.479809, 1610934668.494417, 1610934668.511831, 1610934668.540562, 1610934668.558225, 1610934668.589664, 1610934668.601326, 1610934668.610073, 1610934668.632138, 1610934668.646445, 1610934668.675413, 1610934668.7016, 1610934668.71842, 1610934668.749998, 1610934668.763962, 1610934668.79133, 1610934668.822803, 1610934668.846108, 1610934668.863652, 1610934668.886307, 1610934668.908833, 1610934668.932414, 1610934668.9520488, 1610934668.974708, 1610934669.0043678, 1610934669.031987, 1610934669.053691, 1610934669.079405, 1610934669.0973592, 1610934669.114269, 1610934669.14624, 1610934669.162315, 1610934669.173484, 1610934669.193383, 1610934669.2045739, 1610934669.2320588, 1610934669.2512681, 1610934669.2819872, 1610934669.30037, 1610934669.3196921, 1610934669.342336, 1610934669.3743842, 1610934669.4033542, 1610934669.418865, 1610934669.449467, 1610934669.47013, 1610934669.486049, 1610934669.500858, 1610934669.521934, 1610934671.833898, 1610934671.8882592, 1610934671.9235, 1610934671.953294, 1610934671.9694982, 1610934671.9877582, 1610934672.00478, 1610934672.011264, 1610934672.0301309, 1610934672.052127, 1610934672.073039, 1610934672.103363, 1610934672.1268249, 1610934672.1564002, 1610934672.186238, 1610934672.207468, 1610934672.229056, 1610934672.256309, 1610934672.289035, 1610934672.306422, 1610934672.3211179, 1610934672.3425322, 1610934672.3719602, 1610934672.385449, 1610934672.399859, 1610934672.4340758, 1610934672.452652, 1610934672.478785, 1610934672.5006762, 1610934672.522903, 1610934672.5536342, 1610934672.570842, 1610934672.6017642, 1610934672.632777, 1610934672.646602, 1610934672.660552, 1610934672.685753, 1610934672.6957178, 1610934672.7094872, 1610934672.726391, 1610934672.740413, 1610934672.769391, 1610934672.800117, 1610934672.8169851, 1610934672.836958, 1610934672.855237, 1610934672.878071, 1610934672.893163, 1610934672.913559, 1610934672.943933, 1610934672.962271, 1610934672.993294, 1610934673.0275981, 1610934673.0510201, 1610934673.071483, 1610934673.104922, 1610934673.122388, 1610934673.166304, 1610934673.1827688, 1610934673.2136939, 1610934673.2338939, 1610934673.262655, 1610934673.289036, 1610934673.30692, 1610934673.3256729, 1610934673.353605, 1610934673.370734, 1610934673.398856, 1610934673.434439, 